{
    "__comment": "Model generated using MrCrayfish's Model Creator (https://mrcrayfish.com/tools?id=mc)",
    "textures": {
        "0": "blocks/concrete_gray",
        "1": "blocks/concrete_silver",
        "2": "blocks/wool_colored_black",
        "3": "blocks/anvil_base",
        "4": "blocks/hardened_clay_stained_cyan"
    },
    "display": {
        "gui": {
            "rotation": [ 30, 45, 0 ],
            "translation": [ 0, 3.5, 0 ],
            "scale": [ 0.75, 0.75, 0.75 ]
        },
        "ground": {
            "rotation": [ 0, 0, 0 ],
            "translation": [ 0, 3, 0 ],
            "scale": [ 0.75, 0.75, 0.75 ]
        },
        "fixed": {
            "rotation": [ 0, 0, 0 ],
            "translation": [ 0, 0, 0 ],
            "scale": [ 0.5, 0.5, 0.5 ]
        },
        "thirdperson_righthand": {
            "rotation": [ 75, 45, 0 ],
            "translation": [ 0, 2.5, 0 ],
            "scale": [ 0.375, 0.375, 0.375 ]
        },
        "firstperson_righthand": {
            "rotation": [ 0, 45, 0 ],
            "translation": [ 0, 2.5, 0 ],
            "scale": [ 0.4, 0.4, 0.4 ]
        }
    },
    "elements": [
        {
            "name": "left_side",
            "from": [ 0.00, 0.00, 6.50 ], 
            "to": [ 1.00, 3.00, 9.50 ], 
            "faces": {
                "north": { "texture": "#0", "uv": [ 0.00, 0.00, 1.00, 3.00 ] },
                "east": { "texture": "#0", "uv": [ 0.00, 0.00, 3.00, 3.00 ] },
                "south": { "texture": "#0", "uv": [ 0.00, 0.00, 1.00, 3.00 ] },
                "west": { "texture": "#0", "uv": [ 0.00, 0.00, 3.00, 3.00 ] },
                "up": { "texture": "#0", "uv": [ 0.00, 0.00, 1.00, 3.00 ] },
                "down": { "texture": "#0", "uv": [ 0.00, 0.00, 1.00, 3.00 ] }
            }
        },
        {
            "name": "right_side",
            "from": [ 15.00, 0.00, 6.50 ], 
            "to": [ 16.00, 3.00, 9.50 ], 
            "faces": {
                "north": { "texture": "#0", "uv": [ 0.00, 0.00, 1.00, 3.00 ] },
                "east": { "texture": "#0", "uv": [ 0.00, 0.00, 3.00, 3.00 ] },
                "south": { "texture": "#0", "uv": [ 0.00, 0.00, 1.00, 3.00 ] },
                "west": { "texture": "#0", "uv": [ 0.00, 0.00, 3.00, 3.00 ] },
                "up": { "texture": "#0", "uv": [ 0.00, 0.00, 1.00, 3.00 ] },
                "down": { "texture": "#0", "uv": [ 0.00, 0.00, 1.00, 3.00 ] }
            }
        },
        {
            "name": "track",
            "from": [ 1.00, 0.90, 6.80 ], 
            "to": [ 15.00, 1.70, 7.60 ], 
            "faces": {
                "north": { "texture": "#1", "uv": [ 0.00, 0.00, 14.00, 0.80 ] },
                "east": { "texture": "#1", "uv": [ 0.00, 0.00, 0.80, 0.80 ] },
                "south": { "texture": "#1", "uv": [ 0.00, 0.00, 14.00, 0.80 ] },
                "west": { "texture": "#1", "uv": [ 0.00, 0.00, 0.80, 0.80 ] },
                "up": { "texture": "#1", "uv": [ 0.00, 0.00, 14.00, 0.80 ] },
                "down": { "texture": "#1", "uv": [ 0.00, 0.00, 14.00, 0.80 ] }
            }
        },
        {
            "name": "belt_1",
            "from": [ 1.00, 2.20, 7.00 ], 
            "to": [ 15.00, 2.40, 7.30 ], 
            "faces": {
                "north": { "texture": "#2", "uv": [ 0.00, 0.00, 14.00, 0.20 ] },
                "east": { "texture": "#2", "uv": [ 0.00, 0.00, 0.30, 0.20 ] },
                "south": { "texture": "#2", "uv": [ 0.00, 0.00, 14.00, 0.20 ] },
                "west": { "texture": "#2", "uv": [ 0.00, 0.00, 0.30, 0.20 ] },
                "up": { "texture": "#2", "uv": [ 0.00, 0.00, 14.00, 0.30 ] },
                "down": { "texture": "#2", "uv": [ 0.00, 0.00, 14.00, 0.30 ] }
            }
        },
        {
            "name": "carriage_1",
            "from": [ 3.00, 1.70, 6.50 ], 
            "to": [ 3.50, 2.70, 10.00 ], 
            "faces": {
                "north": { "texture": "#3", "uv": [ 0.00, 0.00, 0.50, 1.00 ] },
                "east": { "texture": "#4", "uv": [ 0.00, 0.00, 3.50, 1.00 ] },
                "south": { "texture": "#3", "uv": [ 0.00, 0.00, 0.50, 1.00 ] },
                "west": { "texture": "#3", "uv": [ 0.00, 0.00, 3.50, 1.00 ] },
                "up": { "texture": "#3", "uv": [ 0.00, 0.00, 0.50, 3.50 ] },
                "down": { "texture": "#3", "uv": [ 0.00, 0.00, 0.50, 3.50 ] }
            }
        },
        {
            "name": "carriage_3",
            "from": [ 6.50, 1.70, 6.50 ], 
            "to": [ 7.00, 2.70, 10.00 ], 
            "faces": {
                "north": { "texture": "#3", "uv": [ 0.00, 0.00, 0.50, 1.00 ] },
                "east": { "texture": "#3", "uv": [ 0.00, 0.00, 3.50, 1.00 ] },
                "south": { "texture": "#3", "uv": [ 0.00, 0.00, 0.50, 1.00 ] },
                "west": { "texture": "#4", "uv": [ 0.00, 0.00, 3.50, 1.00 ] },
                "up": { "texture": "#3", "uv": [ 0.00, 0.00, 0.50, 3.50 ] },
                "down": { "texture": "#3", "uv": [ 0.00, 0.00, 0.50, 3.50 ] }
            }
        },
        {
            "name": "carriage_4",
            "from": [ 3.50, 1.70, 6.50 ], 
            "to": [ 6.50, 2.70, 7.00 ], 
            "faces": {
                "north": { "texture": "#3", "uv": [ 0.00, 0.00, 3.00, 1.00 ] },
                "east": { "texture": "#3", "uv": [ 0.00, 0.00, 0.50, 1.00 ] },
                "south": { "texture": "#3", "uv": [ 0.00, 0.00, 3.00, 1.00 ] },
                "west": { "texture": "#3", "uv": [ 0.00, 0.00, 0.50, 1.00 ] },
                "up": { "texture": "#3", "uv": [ 0.00, 0.00, 3.00, 0.50 ] },
                "down": { "texture": "#3", "uv": [ 0.00, 0.00, 3.00, 0.50 ] }
            }
        },
        {
            "name": "carriage_2",
            "from": [ 3.00, 0.50, 7.60 ], 
            "to": [ 3.50, 1.70, 10.00 ], 
            "faces": {
                "north": { "texture": "#3", "uv": [ 0.00, 0.00, 0.50, 1.20 ] },
                "east": { "texture": "#4", "uv": [ 0.00, 0.00, 2.40, 1.20 ] },
                "south": { "texture": "#3", "uv": [ 0.00, 0.00, 0.50, 1.20 ] },
                "west": { "texture": "#3", "uv": [ 0.00, 0.00, 2.40, 1.20 ] },
                "up": { "texture": "#3", "uv": [ 0.00, 0.00, 0.50, 2.40 ] },
                "down": { "texture": "#3", "uv": [ 0.00, 0.00, 0.50, 2.40 ] }
            }
        },
        {
            "name": "carriage_5",
            "from": [ 6.50, 0.50, 7.60 ], 
            "to": [ 7.00, 1.70, 10.00 ], 
            "faces": {
                "north": { "texture": "#3", "uv": [ 0.00, 0.00, 0.50, 1.20 ] },
                "east": { "texture": "#3", "uv": [ 0.00, 0.00, 2.40, 1.20 ] },
                "south": { "texture": "#3", "uv": [ 0.00, 0.00, 0.50, 1.20 ] },
                "west": { "texture": "#4", "uv": [ 0.00, 0.00, 2.40, 1.20 ] },
                "up": { "texture": "#3", "uv": [ 0.00, 0.00, 0.50, 2.40 ] },
                "down": { "texture": "#3", "uv": [ 0.00, 0.00, 0.50, 2.40 ] }
            }
        },
        {
            "name": "carriage_6",
            "from": [ 3.50, 0.50, 7.60 ], 
            "to": [ 6.50, 1.00, 10.00 ], 
            "faces": {
                "north": { "texture": "#3", "uv": [ 0.00, 0.00, 3.00, 0.50 ] },
                "east": { "texture": "#3", "uv": [ 0.00, 0.00, 2.40, 0.50 ] },
                "south": { "texture": "#3", "uv": [ 0.00, 0.00, 3.00, 0.50 ] },
                "west": { "texture": "#3", "uv": [ 0.00, 0.00, 2.40, 0.50 ] },
                "up": { "texture": "#4", "uv": [ 0.00, 0.00, 3.00, 2.40 ] },
                "down": { "texture": "#3", "uv": [ 0.00, 0.00, 3.00, 2.40 ] }
            }
        },
        {
            "name": "belt_2",
            "from": [ 1.00, 1.80, 7.00 ], 
            "to": [ 15.00, 2.00, 7.30 ], 
            "faces": {
                "north": { "texture": "#2", "uv": [ 0.00, 0.00, 14.00, 0.20 ] },
                "east": { "texture": "#2", "uv": [ 0.00, 0.00, 0.30, 0.20 ] },
                "south": { "texture": "#2", "uv": [ 0.00, 0.00, 14.00, 0.20 ] },
                "west": { "texture": "#2", "uv": [ 0.00, 0.00, 0.30, 0.20 ] },
                "up": { "texture": "#2", "uv": [ 0.00, 0.00, 14.00, 0.30 ] },
                "down": { "texture": "#2", "uv": [ 0.00, 0.00, 14.00, 0.30 ] }
            }
        },
        {
            "name": "carriage_7",
            "from": [ 3.50, 1.00, 7.00 ], 
            "to": [ 6.50, 2.70, 8.00 ], 
            "faces": {
                "north": { "texture": "#3", "uv": [ 0.00, 0.00, 3.00, 1.70 ] },
                "east": { "texture": "#3", "uv": [ 0.00, 0.00, 1.00, 1.70 ] },
                "south": { "texture": "#4", "uv": [ 0.00, 0.00, 3.00, 1.70 ] },
                "west": { "texture": "#3", "uv": [ 0.00, 0.00, 1.00, 1.70 ] },
                "up": { "texture": "#3", "uv": [ 0.00, 0.00, 3.00, 1.00 ] },
                "down": { "texture": "#3", "uv": [ 0.00, 0.00, 3.00, 1.00 ] }
            }
        },
        {
            "name": "carriage_8",
            "from": [ 3.50, 1.00, 9.50 ], 
            "to": [ 6.50, 2.70, 10.00 ], 
            "faces": {
                "north": { "texture": "#4", "uv": [ 0.00, 0.00, 3.00, 1.70 ] },
                "east": { "texture": "#3", "uv": [ 0.00, 0.00, 0.50, 1.70 ] },
                "south": { "texture": "#3", "uv": [ 0.00, 0.00, 3.00, 1.70 ] },
                "west": { "texture": "#3", "uv": [ 0.00, 0.00, 0.50, 1.70 ] },
                "up": { "texture": "#3", "uv": [ 0.00, 0.00, 3.00, 0.50 ] },
                "down": { "texture": "#3", "uv": [ 0.00, 0.00, 3.00, 0.50 ] }
            }
        },
        {
            "name": "Cube",
            "from": [ 5.00, 0.00, 8.50 ], 
            "to": [ 6.20, 0.50, 9.70 ], 
            "faces": {
                "north": { "texture": "#4", "uv": [ 0.00, 0.00, 1.20, 0.50 ] },
                "east": { "texture": "#4", "uv": [ 0.00, 0.00, 1.20, 0.50 ] },
                "south": { "texture": "#4", "uv": [ 0.00, 0.00, 1.20, 0.50 ] },
                "west": { "texture": "#4", "uv": [ 0.00, 0.00, 1.20, 0.50 ] },
                "up": { "texture": "#4", "uv": [ 0.00, 0.00, 1.20, 1.20 ] },
                "down": { "texture": "#4", "uv": [ 0.00, 0.00, 1.20, 1.20 ] }
            }
        }
    ]
}