{
    "__comment": "Model generated using MrCrayfish's Model Creator (https://mrcrayfish.com/tools?id=mc)",
    "textures": {
        "0": "cdm:items/cpu_red",
        "1": "cdm:items/cpu_red_pins"
    },
    "display": {
        "gui": {
            "rotation": [ 30, 45, 0 ],
            "translation": [ 0, 2, 0 ],
            "scale": [ 0.625, 0.625, 0.625 ]
        },
        "ground": {
            "rotation": [ 0, 0, 0 ],
            "translation": [ 0, 3, 0 ],
            "scale": [ 0.25, 0.25, 0.25 ]
        },
        "fixed": {
            "rotation": [ 0, 0, 0 ],
            "translation": [ 0, 0, 0 ],
            "scale": [ 0.5, 0.5, 0.5 ]
        },
        "thirdperson_righthand": {
            "rotation": [ 75, 45, 0 ],
            "translation": [ 0, 2.5, 0 ],
            "scale": [ 0.375, 0.375, 0.375 ]
        },
        "firstperson_righthand": {
            "rotation": [ 0, 315, 0 ],
            "translation": [ 0, 5, 0 ],
            "scale": [ 0.4, 0.4, 0.4 ]
        }
    },
    "elements": [
        {
            "name": "base_1",
            "from": [ 0.50, 0.00, 0.50 ], 
            "to": [ 15.50, 1.00, 8.50 ], 
            "faces": {
                "north": { "texture": "#0", "uv": [ 0.50, 0.50, 15.50, 1.00 ], "rotation": 180 },
                "east": { "texture": "#0", "uv": [ 15.00, 0.50, 15.50, 8.50 ], "rotation": 90 },
                "south": { "texture": "#0", "uv": [ 0.50, 8.00, 15.50, 8.50 ] },
                "west": { "texture": "#0", "uv": [ 0.50, 0.50, 1.00, 8.50 ], "rotation": 270 },
                "up": { "texture": "#0", "uv": [ 0.50, 0.50, 15.50, 8.50 ] },
                "down": { "texture": "#1", "uv": [ 0.50, 7.50, 15.50, 15.50 ] }
            }
        },
        {
            "name": "base_2",
            "from": [ 1.00, 0.00, 8.50 ], 
            "to": [ 15.00, 1.00, 10.50 ], 
            "faces": {
                "east": { "texture": "#0", "uv": [ 14.50, 8.00, 15.00, 11.00 ], "rotation": 90 },
                "west": { "texture": "#0", "uv": [ 1.00, 8.00, 1.50, 11.00 ], "rotation": 90 },
                "up": { "texture": "#0", "uv": [ 1.00, 8.50, 15.00, 10.50 ] },
                "down": { "texture": "#1", "uv": [ 1.00, 5.50, 15.00, 7.50 ] }
            }
        },
        {
            "name": "base_3",
            "from": [ 0.50, 0.00, 10.50 ], 
            "to": [ 15.50, 1.00, 15.50 ], 
            "faces": {
                "north": { "texture": "#0", "uv": [ 0.50, 10.50, 15.50, 11.00 ] },
                "east": { "texture": "#0", "uv": [ 15.00, 11.00, 15.50, 15.50 ], "rotation": 90 },
                "south": { "texture": "#0", "uv": [ 0.50, 15.00, 15.50, 15.50 ] },
                "west": { "texture": "#0", "uv": [ 0.50, 11.00, 1.00, 15.50 ], "rotation": 90 },
                "up": { "texture": "#0", "uv": [ 0.50, 10.50, 15.50, 15.50 ] },
                "down": { "texture": "#1", "uv": [ 0.50, 0.50, 15.50, 5.50 ] }
            }
        },
        {
            "name": "cpu_1",
            "from": [ 2.50, 1.00, 2.50 ], 
            "to": [ 13.50, 1.40, 13.50 ], 
            "faces": {
                "north": { "texture": "#0", "uv": [ 2.50, 2.50, 13.50, 3.00 ], "rotation": 180 },
                "east": { "texture": "#0", "uv": [ 13.00, 2.50, 13.50, 13.50 ], "rotation": 90 },
                "south": { "texture": "#0", "uv": [ 2.50, 13.00, 13.50, 13.50 ] },
                "west": { "texture": "#0", "uv": [ 2.50, 2.50, 3.00, 13.50 ], "rotation": 270 },
                "up": { "texture": "#0", "uv": [ 2.50, 2.50, 13.50, 13.50 ] }
            }
        },
        {
            "name": "cpu_2",
            "from": [ 4.00, 1.40, 4.00 ], 
            "to": [ 12.00, 1.60, 12.00 ], 
            "faces": {
                "north": { "texture": "#0", "uv": [ 4.00, 4.00, 12.00, 4.50 ] },
                "east": { "texture": "#0", "uv": [ 11.50, 4.00, 12.00, 12.00 ], "rotation": 90 },
                "south": { "texture": "#0", "uv": [ 4.00, 11.50, 12.00, 12.00 ] },
                "west": { "texture": "#0", "uv": [ 4.00, 4.00, 4.50, 12.00 ], "rotation": 270 },
                "up": { "texture": "#0", "uv": [ 4.00, 4.00, 12.00, 12.00 ] }
            }
        }
    ]
}