{
    "__comment": "Model generated using MrCrayfish's Model Creator (https://mrcrayfish.com/tools?id=mc)",
    "textures": {
        "0": "cdm:items/flash_chip",
        "1": "cdm:items/flash_chip_bottom"
    },
    "display": {
        "gui": {
            "rotation": [ 30, 45, 0 ],
            "translation": [ 0, 3, 0 ],
            "scale": [ 0.625, 0.625, 0.625 ]
        },
        "ground": {
            "rotation": [ 0, 0, 0 ],
            "translation": [ 0, 3, 0 ],
            "scale": [ 0.25, 0.25, 0.25 ]
        },
        "fixed": {
            "rotation": [ 0, 0, 0 ],
            "translation": [ 0, 0, 0 ],
            "scale": [ 0.5, 0.5, 0.5 ]
        },
        "thirdperson_righthand": {
            "rotation": [ 75, 45, 0 ],
            "translation": [ 0, 2.5, 0 ],
            "scale": [ 0.375, 0.375, 0.375 ]
        },
        "firstperson_righthand": {
            "rotation": [ 0, 45, 0 ],
            "translation": [ 0, 4, 0 ],
            "scale": [ 0.4, 0.4, 0.4 ]
        }
    },
    "elements": [
        {
            "name": "chip",
            "from": [ 0.50, 0.00, 3.20 ], 
            "to": [ 15.50, 1.00, 12.70 ], 
            "faces": {
                "north": { "texture": "#0", "uv": [ 0.50, 3.00, 15.50, 3.50 ] },
                "east": { "texture": "#0", "uv": [ 15.00, 3.00, 15.50, 12.50 ], "rotation": 90 },
                "south": { "texture": "#0", "uv": [ 0.50, 12.00, 15.50, 12.50 ] },
                "west": { "texture": "#0", "uv": [ 0.50, 3.00, 1.00, 12.50 ], "rotation": 270 },
                "up": { "texture": "#0", "uv": [ 0.50, 3.00, 15.50, 12.50 ] },
                "down": { "texture": "#1", "uv": [ 0.50, 3.00, 15.50, 12.50 ] }
            }
        },
        {
            "name": "pins_1",
            "from": [ 1.00, -0.50, 2.70 ], 
            "to": [ 15.00, -0.00, 3.20 ], 
            "faces": {
                "north": { "texture": "#0", "uv": [ 1.00, 13.00, 15.00, 13.50 ] },
                "south": { "texture": "#0", "uv": [ 1.00, 13.00, 15.00, 13.50 ] }
            }
        },
        {
            "name": "pins_2",
            "from": [ 1.00, 0.00, 2.70 ], 
            "to": [ 15.00, 0.50, 3.20 ], 
            "faces": {
                "north": { "texture": "#0", "uv": [ 1.00, 12.50, 15.00, 13.00 ] },
                "east": { "texture": "#0", "uv": [ 1.00, 12.50, 1.50, 13.00 ] },
                "west": { "texture": "#0", "uv": [ 14.50, 12.50, 15.00, 13.00 ] },
                "up": { "texture": "#0", "uv": [ 1.00, 12.50, 15.00, 13.00 ], "rotation": 180 },
                "down": { "texture": "#0", "uv": [ 1.00, 12.50, 15.00, 13.00 ], "rotation": 180 }
            }
        },
        {
            "name": "pins_3",
            "from": [ 1.00, -0.50, 12.70 ], 
            "to": [ 15.00, -0.00, 13.20 ], 
            "faces": {
                "north": { "texture": "#0", "uv": [ 1.00, 13.00, 15.00, 13.50 ] },
                "south": { "texture": "#0", "uv": [ 1.00, 13.00, 15.00, 13.50 ] }
            }
        },
        {
            "name": "pins_4",
            "from": [ 1.00, 0.00, 12.70 ], 
            "to": [ 15.00, 0.50, 13.20 ], 
            "faces": {
                "east": { "texture": "#0", "uv": [ 14.50, 12.50, 15.00, 13.00 ] },
                "south": { "texture": "#0", "uv": [ 1.00, 12.50, 15.00, 13.00 ] },
                "west": { "texture": "#0", "uv": [ 1.00, 12.50, 1.50, 13.00 ] },
                "up": { "texture": "#0", "uv": [ 1.00, 12.50, 15.00, 13.00 ] },
                "down": { "texture": "#0", "uv": [ 1.00, 12.50, 15.00, 13.00 ] }
            }
        }
    ]
}