{
    "__comment": "Model generated using MrCrayfish's Model Creator (https://mrcrayfish.com/tools?id=mc)",
    "textures": {
        "0": "cdm:items/motherboard_red",
        "1": "cdm:items/motherboard_red_bottom"
    },
    "display": {
        "gui": {
            "rotation": [ 30, 225, 0 ],
            "translation": [ 0, 2, 0 ],
            "scale": [ 0.625, 0.625, 0.625 ]
        },
        "ground": {
            "rotation": [ 0, 0, 0 ],
            "translation": [ 0, 3, 0 ],
            "scale": [ 0.5, 0.5, 0.5 ]
        },
        "fixed": {
            "rotation": [ 0, 0, 0 ],
            "translation": [ 0, 0, 0 ],
            "scale": [ 0.5, 0.5, 0.5 ]
        },
        "thirdperson_righthand": {
            "rotation": [ 75, 45, 0 ],
            "translation": [ 0, 2.5, 0 ],
            "scale": [ 0.375, 0.375, 0.375 ]
        },
        "firstperson_righthand": {
            "rotation": [ 0, 45, 0 ],
            "translation": [ 0, 2.5, 0 ],
            "scale": [ 0.4, 0.4, 0.4 ]
        }
    },
    "elements": [
        {
            "name": "curcuit_board_1",
            "from": [ 0.50, 0.00, 0.50 ], 
            "to": [ 13.00, 1.00, 3.50 ], 
            "faces": {
                "north": { "texture": "#0", "uv": [ 0.50, 0.50, 12.50, 1.00 ] },
                "east": { "texture": "#0", "uv": [ 0.50, 0.50, 1.00, 3.50 ], "rotation": 90 },
                "south": { "texture": "#0", "uv": [ 0.50, 0.50, 13.00, 1.00 ] },
                "west": { "texture": "#0", "uv": [ 0.50, 0.50, 1.00, 3.50 ], "rotation": 270 },
                "up": { "texture": "#0", "uv": [ 0.50, 0.50, 13.00, 3.50 ] },
                "down": { "texture": "#1", "uv": [ 0.50, 12.50, 13.00, 15.50 ] }
            }
        },
        {
            "name": "curcuit_board_2",
            "from": [ 1.00, 0.00, 3.50 ], 
            "to": [ 15.00, 1.00, 4.50 ], 
            "faces": {
                "east": { "texture": "#0", "uv": [ 1.00, 3.00, 1.50, 4.00 ] },
                "west": { "texture": "#0", "uv": [ 1.00, 3.00, 1.50, 4.00 ], "rotation": 270 },
                "up": { "texture": "#0", "uv": [ 1.00, 3.50, 15.00, 4.50 ] },
                "down": { "texture": "#1", "uv": [ 1.00, 11.50, 15.00, 12.50 ] }
            }
        },
        {
            "name": "curcuit_board_3",
            "from": [ 0.50, 0.00, 4.50 ], 
            "to": [ 7.00, 1.00, 15.50 ], 
            "faces": {
                "north": { "texture": "#0", "uv": [ 0.50, 0.50, 7.00, 1.00 ] },
                "east": { "texture": "#0", "uv": [ 0.50, 4.60, 1.00, 15.60 ] },
                "south": { "texture": "#0", "uv": [ 0.50, 15.00, 7.00, 15.50 ] },
                "west": { "texture": "#0", "uv": [ 0.50, 4.50, 1.00, 15.50 ], "rotation": 90 },
                "up": { "texture": "#0", "uv": [ 0.50, 4.50, 7.00, 15.50 ] },
                "down": { "texture": "#1", "uv": [ 0.50, 0.50, 7.00, 11.50 ] }
            }
        },
        {
            "name": "curcuit_board_4",
            "from": [ 8.50, 0.00, 4.50 ], 
            "to": [ 13.00, 1.00, 15.50 ], 
            "faces": {
                "east": { "texture": "#0", "uv": [ 0.50, 4.00, 1.00, 15.50 ], "rotation": 90 },
                "south": { "texture": "#0", "uv": [ 8.50, 15.00, 13.00, 15.50 ] },
                "west": { "texture": "#0", "uv": [ 0.50, 4.50, 1.00, 15.50 ], "rotation": 270 },
                "up": { "texture": "#0", "uv": [ 8.50, 4.50, 13.00, 15.50 ] },
                "down": { "texture": "#1", "uv": [ 8.50, 0.50, 13.00, 11.50 ] }
            }
        },
        {
            "name": "curcuit_board_5",
            "from": [ 14.00, 0.00, 4.50 ], 
            "to": [ 15.50, 1.00, 15.50 ], 
            "faces": {
                "north": { "texture": "#0", "uv": [ 0.50, 0.50, 2.00, 1.00 ] },
                "east": { "texture": "#0", "uv": [ 15.00, 5.00, 15.50, 15.50 ], "rotation": 90 },
                "south": { "texture": "#0", "uv": [ 14.00, 15.00, 15.50, 15.50 ] },
                "west": { "texture": "#0", "uv": [ 15.00, 4.50, 15.50, 15.50 ], "rotation": 90 },
                "up": { "texture": "#0", "uv": [ 14.00, 4.50, 15.50, 15.50 ] },
                "down": { "texture": "#1", "uv": [ 14.00, 0.50, 15.50, 11.50 ] }
            }
        },
        {
            "name": "curcuit_board_6",
            "from": [ 13.00, 0.00, 4.50 ], 
            "to": [ 14.00, 1.00, 15.00 ], 
            "faces": {
                "south": { "texture": "#0", "uv": [ 13.00, 14.50, 14.00, 15.00 ] },
                "up": { "texture": "#0", "uv": [ 13.00, 4.50, 14.00, 15.00 ] },
                "down": { "texture": "#1", "uv": [ 13.00, 1.00, 14.00, 11.50 ] }
            }
        },
        {
            "name": "curcuit_board_7",
            "from": [ 7.00, 0.00, 4.50 ], 
            "to": [ 8.50, 1.00, 15.00 ], 
            "faces": {
                "south": { "texture": "#0", "uv": [ 7.00, 14.50, 8.50, 15.00 ] },
                "up": { "texture": "#0", "uv": [ 7.00, 4.50, 8.50, 15.00 ] },
                "down": { "texture": "#1", "uv": [ 7.00, 1.00, 8.50, 11.50 ] }
            }
        },
        {
            "name": "connection_1",
            "from": [ 7.00, 0.20, 15.00 ], 
            "to": [ 7.50, 0.80, 15.50 ], 
            "faces": {
                "east": { "texture": "#0", "uv": [ 7.00, 15.00, 7.50, 15.50 ] },
                "south": { "texture": "#0", "uv": [ 7.00, 15.00, 7.50, 15.50 ] },
                "up": { "texture": "#0", "uv": [ 7.00, 15.00, 7.50, 15.50 ] },
                "down": { "texture": "#0", "uv": [ 7.00, 15.00, 7.50, 15.50 ] }
            }
        },
        {
            "name": "connection_2",
            "from": [ 8.00, 0.20, 15.00 ], 
            "to": [ 8.50, 0.80, 15.50 ], 
            "faces": {
                "south": { "texture": "#0", "uv": [ 7.00, 15.00, 7.50, 15.50 ] },
                "west": { "texture": "#0", "uv": [ 7.00, 15.00, 7.50, 15.50 ] },
                "up": { "texture": "#0", "uv": [ 7.00, 15.00, 7.50, 15.50 ] },
                "down": { "texture": "#0", "uv": [ 7.00, 15.00, 7.50, 15.50 ] }
            }
        },
        {
            "name": "curcuit_board_8",
            "from": [ 13.00, 0.00, 1.00 ], 
            "to": [ 14.00, 1.00, 3.50 ], 
            "faces": {
                "north": { "texture": "#0", "uv": [ 0.50, 0.50, 1.50, 1.00 ] },
                "up": { "texture": "#0", "uv": [ 13.00, 1.00, 14.00, 3.50 ] },
                "down": { "texture": "#1", "uv": [ 13.00, 12.50, 14.00, 15.00 ] }
            }
        },
        {
            "name": "curcuit_board_9",
            "from": [ 14.00, 0.00, 0.50 ], 
            "to": [ 15.50, 1.00, 3.50 ], 
            "faces": {
                "north": { "texture": "#0", "uv": [ 0.50, 0.50, 2.00, 1.00 ] },
                "east": { "texture": "#0", "uv": [ 15.00, 0.50, 15.50, 3.00 ], "rotation": 90 },
                "south": { "texture": "#0", "uv": [ 0.50, 0.50, 2.00, 1.00 ] },
                "west": { "texture": "#0", "uv": [ 0.50, 0.50, 3.50, 1.00 ], "rotation": 90 },
                "up": { "texture": "#0", "uv": [ 14.00, 0.50, 15.50, 3.50 ] },
                "down": { "texture": "#1", "uv": [ 14.00, 12.50, 15.50, 15.50 ] }
            }
        },
        {
            "name": "pins",
            "from": [ 11.50, 1.00, 6.00 ], 
            "to": [ 14.00, 1.50, 13.50 ], 
            "faces": {
                "north": { "texture": "#0", "uv": [ 11.50, 6.00, 14.00, 6.50 ] },
                "east": { "texture": "#0", "uv": [ 13.50, 6.00, 14.00, 13.50 ], "rotation": 90 },
                "south": { "texture": "#0", "uv": [ 11.50, 13.00, 14.00, 13.50 ] },
                "west": { "texture": "#0", "uv": [ 11.50, 6.00, 12.00, 13.50 ] },
                "up": { "texture": "#0", "uv": [ 11.50, 6.00, 14.00, 13.50 ] }
            }
        },
        {
            "name": "capacitor",
            "from": [ 2.00, 1.00, 11.50 ], 
            "to": [ 4.50, 1.50, 14.00 ], 
            "faces": {
                "north": { "texture": "#0", "uv": [ 2.00, 11.50, 4.50, 12.00 ] },
                "east": { "texture": "#0", "uv": [ 2.00, 11.50, 2.50, 14.00 ], "rotation": 90 },
                "south": { "texture": "#0", "uv": [ 2.00, 13.50, 4.50, 14.00 ] },
                "west": { "texture": "#0", "uv": [ 2.00, 11.50, 2.50, 14.00 ], "rotation": 90 },
                "up": { "texture": "#0", "uv": [ 2.00, 11.50, 4.50, 14.00 ] }
            }
        },
        {
            "name": "core_1",
            "from": [ 2.50, 1.00, 2.50 ], 
            "to": [ 6.00, 1.50, 6.00 ], 
            "faces": {
                "north": { "texture": "#0", "uv": [ 2.50, 2.50, 6.00, 3.00 ] },
                "east": { "texture": "#0", "uv": [ 2.50, 2.50, 6.00, 3.00 ] },
                "south": { "texture": "#0", "uv": [ 2.50, 2.50, 6.00, 3.00 ] },
                "west": { "texture": "#0", "uv": [ 2.50, 2.50, 6.00, 3.00 ] },
                "up": { "texture": "#0", "uv": [ 2.50, 2.50, 6.00, 6.00 ] }
            }
        },
        {
            "name": "core_2",
            "from": [ 3.50, 1.00, 2.00 ], 
            "to": [ 5.00, 1.50, 2.50 ], 
            "faces": {
                "north": { "texture": "#0", "uv": [ 0.50, 0.50, 2.00, 1.00 ] },
                "east": { "texture": "#0", "uv": [ 0.50, 0.50, 1.00, 1.00 ] },
                "west": { "texture": "#0", "uv": [ 0.50, 0.50, 1.00, 1.00 ] },
                "up": { "texture": "#0", "uv": [ 0.50, 0.50, 2.00, 1.00 ] }
            }
        },
        {
            "name": "core_3",
            "from": [ 3.50, 1.00, 6.00 ], 
            "to": [ 5.00, 1.50, 6.50 ], 
            "faces": {
                "east": { "texture": "#0", "uv": [ 0.50, 0.50, 1.00, 1.00 ] },
                "south": { "texture": "#0", "uv": [ 0.50, 0.50, 2.00, 1.00 ] },
                "west": { "texture": "#0", "uv": [ 0.50, 0.50, 1.00, 1.00 ] },
                "up": { "texture": "#0", "uv": [ 0.50, 0.50, 2.00, 1.00 ] }
            }
        },
        {
            "name": "core_4",
            "from": [ 2.00, 1.00, 3.50 ], 
            "to": [ 2.50, 1.50, 5.00 ], 
            "faces": {
                "north": { "texture": "#0", "uv": [ 0.50, 0.50, 1.00, 1.00 ] },
                "south": { "texture": "#0", "uv": [ 0.50, 0.50, 1.00, 1.00 ] },
                "west": { "texture": "#0", "uv": [ 0.50, 0.50, 2.00, 1.00 ] },
                "up": { "texture": "#0", "uv": [ 0.50, 0.50, 1.00, 2.00 ] }
            }
        },
        {
            "name": "core_5",
            "from": [ 6.00, 1.00, 3.50 ], 
            "to": [ 6.50, 1.50, 5.00 ], 
            "faces": {
                "north": { "texture": "#0", "uv": [ 0.50, 0.50, 1.00, 1.00 ] },
                "east": { "texture": "#0", "uv": [ 0.50, 0.50, 2.00, 1.00 ] },
                "south": { "texture": "#0", "uv": [ 0.50, 0.50, 1.00, 1.00 ] },
                "up": { "texture": "#0", "uv": [ 0.50, 0.50, 1.00, 2.00 ] }
            }
        }
    ]
}