{
    "__comment": "Model generated using MrCrayfish's Model Creator (https://mrcrayfish.com/tools?id=mc)",
    "textures": {
        "0": "cdm:items/ram_red_back",
        "1": "cdm:items/ram_red"
    },
    "display": {
        "gui": {
            "rotation": [ 0, 0, 0 ],
            "translation": [ 0, 2, 0 ],
            "scale": [ 0.9375, 0.9375, 0.9375 ]
        },
        "ground": {
            "rotation": [ 0, 0, 0 ],
            "translation": [ 0, 3, 0 ],
            "scale": [ 0.3, 0.3, 0.3 ]
        },
        "fixed": {
            "rotation": [ 0, 0, 0 ],
            "translation": [ 0, 0, 0 ],
            "scale": [ 0.5, 0.5, 0.5 ]
        },
        "thirdperson_righthand": {
            "rotation": [ 75, 45, 0 ],
            "translation": [ 0, 2.5, 0 ],
            "scale": [ 0.375, 0.375, 0.375 ]
        },
        "firstperson_righthand": {
            "rotation": [ 0, 315, 0 ],
            "translation": [ 0, 3, 0 ],
            "scale": [ 0.4, 0.4, 0.4 ]
        }
    },
    "elements": [
        {
            "name": "pcb_1",
            "from": [ 1.00, 7.50, 7.50 ], 
            "to": [ 8.00, 10.00, 8.50 ],
            "shade": false,
            "faces": {
                "north": { "texture": "#0", "uv": [ 8.00, 3.00, 15.00, 5.50 ] },
                "east": { "texture": "#1", "uv": [ 7.50, 3.00, 8.00, 5.50 ] },
                "south": { "texture": "#1", "uv": [ 1.00, 3.00, 8.00, 5.50 ]},
                "west": { "texture": "#1", "uv": [ 1.00, 3.00, 1.50, 5.50 ] },
                "up": { "texture": "#1", "uv": [ 1.00, 3.00, 8.00, 3.50 ] },
                "down": { "texture": "#1", "uv": [ 1.00, 5.00, 8.00, 5.50 ] }
            }
        },
        {
            "name": "pcb_2",
            "from": [ 1.50, 6.50, 7.50 ], 
            "to": [ 8.00, 7.50, 8.50 ], 
            "faces": {
                "north": { "texture": "#0", "uv": [ 8.00, 5.50, 14.50, 6.50 ] },
                "south": { "texture": "#1", "uv": [ 1.50, 5.50, 8.00, 6.50 ] },
                "west": { "texture": "#1", "uv": [ 1.50, 5.50, 2.00, 6.50 ] }
            }
        },
        {
            "name": "pcb_3",
            "from": [ 1.00, 1.50, 7.50 ], 
            "to": [ 8.00, 6.50, 8.50 ], 
            "faces": {
                "north": { "texture": "#0", "uv": [ 8.00, 6.50, 15.00, 11.50 ] },
                "east": { "texture": "#1", "uv": [ 7.50, 6.50, 8.00, 11.50 ] },
                "south": { "texture": "#1", "uv": [ 1.00, 6.50, 8.00, 11.50 ] },
                "west": { "texture": "#1", "uv": [ 1.00, 6.50, 1.50, 11.50 ] },
                "up": { "texture": "#1", "uv": [ 1.00, 6.50, 8.00, 7.00 ] },
                "down": { "texture": "#1", "uv": [ 1.00, 11.00, 8.00, 11.50 ] }
            }
        },
        {
            "name": "pcb_5",
            "from": [ 8.00, 2.00, 7.50 ], 
            "to": [ 11.50, 9.50, 8.50 ], 
            "faces": {
                "north": { "texture": "#0", "uv": [ 4.50, 3.50, 8.00, 11.00 ] },
                "south": { "texture": "#1", "uv": [ 8.00, 3.50, 11.50, 11.00 ] },
                "up": { "texture": "#1", "uv": [ 8.00, 3.50, 11.50, 4.00 ] },
                "down": { "texture": "#1", "uv": [ 8.00, 10.50, 11.50, 11.00 ] }
            }
        },
        {
            "name": "pcb_6",
            "from": [ 11.50, 7.50, 7.50 ], 
            "to": [ 15.00, 10.00, 8.50 ], 
            "faces": {
                "north": { "texture": "#0", "uv": [ 1.00, 3.00, 4.50, 5.50 ] },
                "east": { "texture": "#1", "uv": [ 14.50, 3.00, 15.00, 5.50 ] },
                "south": { "texture": "#1", "uv": [ 11.50, 3.00, 15.00, 5.50 ] },
                "west": { "texture": "#1", "uv": [ 11.50, 3.00, 12.00, 4.50 ] },
                "up": { "texture": "#1", "uv": [ 11.50, 3.00, 15.00, 3.50 ] },
                "down": { "texture": "#1", "uv": [ 11.50, 5.00, 15.00, 5.50 ] }
            }
        },
        {
            "name": "pcb_7",
            "from": [ 11.50, 6.50, 7.50 ], 
            "to": [ 14.50, 7.50, 8.50 ], 
            "faces": {
                "north": { "texture": "#0", "uv": [ 1.50, 5.50, 4.50, 6.50 ] },
                "east": { "texture": "#1", "uv": [ 14.00, 5.50, 14.50, 6.50 ] },
                "south": { "texture": "#1", "uv": [ 11.50, 5.50, 14.50, 6.50 ] }
            }
        },
        {
            "name": "pcb_8",
            "from": [ 11.50, 1.50, 7.50 ], 
            "to": [ 15.00, 6.50, 8.50 ], 
            "faces": {
                "north": { "texture": "#0", "uv": [ 1.00, 6.50, 4.50, 11.50 ] },
                "east": { "texture": "#1", "uv": [ 14.50, 6.50, 15.00, 11.50 ] },
                "south": { "texture": "#1", "uv": [ 11.50, 6.50, 15.00, 11.50 ] },
                "west": { "texture": "#1", "uv": [ 11.50, 6.50, 12.00, 11.50 ] },
                "up": { "texture": "#1", "uv": [ 11.50, 6.50, 15.00, 7.00 ] },
                "down": { "texture": "#1", "uv": [ 11.50, 11.00, 14.80, 11.50 ] }
            }
        },
        {
            "name": "teeth_1",
            "from": [ 1.50, 0.00, 7.70 ], 
            "to": [ 8.00, 1.50, 8.30 ], 
            "faces": {
                "north": { "texture": "#0", "uv": [ 8.00, 11.50, 14.50, 13.00 ] },
                "south": { "texture": "#1", "uv": [ 1.50, 11.50, 8.00, 13.00 ] }
            }
        },
        {
            "name": "teeth_2",
            "from": [ 8.00, 0.50, 7.70 ], 
            "to": [ 11.50, 2.00, 8.30 ], 
            "faces": {
                "north": { "texture": "#0", "uv": [ 4.50, 11.00, 8.00, 12.50 ] },
                "south": { "texture": "#1", "uv": [ 8.00, 11.00, 11.50, 12.50 ] }
            }
        },
        {
            "name": "teeth_3",
            "from": [ 11.50, 0.00, 7.70 ], 
            "to": [ 14.50, 1.50, 8.30 ], 
            "faces": {
                "north": { "texture": "#0", "uv": [ 1.50, 11.50, 4.50, 13.00 ] },
                "south": { "texture": "#1", "uv": [ 11.50, 11.50, 14.50, 13.00 ] }
            }
        },
        {
            "name": "teeth_4",
            "from": [ 1.50, 0.50, 7.70 ], 
            "to": [ 8.00, 1.50, 8.30 ], 
            "faces": {
                "east": { "texture": "#1", "uv": [ 2.00, 11.50, 2.50, 12.50 ] },
                "west": { "texture": "#1", "uv": [ 2.00, 11.50, 2.50, 12.50 ] },
                "down": { "texture": "#1", "uv": [ 2.00, 12.00, 2.50, 12.50 ] }
            }
        },
        {
            "name": "teeth_5",
            "from": [ 11.50, 0.50, 7.70 ], 
            "to": [ 14.50, 1.50, 8.30 ], 
            "faces": {
                "east": { "texture": "#1", "uv": [ 2.00, 11.50, 2.50, 12.50 ] },
                "west": { "texture": "#1", "uv": [ 2.00, 11.50, 2.50, 12.50 ] },
                "down": { "texture": "#1", "uv": [ 2.00, 12.00, 2.50, 12.50 ] }
            }
        },
        {
            "name": "teeth_6",
            "from": [ 8.00, 1.00, 7.70 ], 
            "to": [ 11.50, 2.00, 8.30 ], 
            "faces": {
                "down": { "texture": "#1", "uv": [ 2.00, 12.00, 2.50, 12.50 ] }
            }
        }
    ]
}