{
    "__comment": "Model generated using MrCrayfish's Model Creator (https://mrcrayfish.com/tools?id=mc)",
    "textures": {
        "0": "cdm:items/screen"
    },
    "display": {
        "gui": {
            "rotation": [ 0, 0, 0 ],
            "translation": [ 0, 2, 0 ],
            "scale": [ 0.9375, 0.9375, 0.9375 ]
        },
        "ground": {
            "rotation": [ 0, 0, 0 ],
            "translation": [ 0, 5, 0 ],
            "scale": [ 0.8, 0.8, 0.8 ]
        },
        "fixed": {
            "rotation": [ 0, 0, 0 ],
            "translation": [ 0, 0, 0 ],
            "scale": [ 0.5, 0.5, 0.5 ]
        },
        "thirdperson_righthand": {
            "rotation": [ 75, 45, 0 ],
            "translation": [ 0, 2.5, 0 ],
            "scale": [ 0.375, 0.375, 0.375 ]
        },
        "firstperson_righthand": {
            "rotation": [ 0, 315, 0 ],
            "translation": [ 0, 3, 0 ],
            "scale": [ 0.4, 0.4, 0.4 ]
        }
    },
    "elements": [
        {
            "name": "body",
            "from": [ 0.50, 0.00, 7.50 ], 
            "to": [ 15.50, 9.50, 8.50 ], 
            "faces": {
                "north": { "texture": "#0", "uv": [ 15.50, 3.00, 0.50, 12.50 ] },
                "east": { "texture": "#0", "uv": [ 15.00, 3.00, 15.50, 12.50 ] },
                "south": { "texture": "#0", "uv": [ 0.50, 3.00, 15.50, 12.50 ] },
                "west": { "texture": "#0", "uv": [ 0.50, 3.00, 1.00, 12.50 ] },
                "up": { "texture": "#0", "uv": [ 0.50, 3.00, 15.50, 3.50 ] },
                "down": { "texture": "#0", "uv": [ 0.50, 12.00, 15.50, 12.50 ] }
            }
        }
    ]
}