{
    "__comment": "Model generated using MrCrayfish's Model Creator (https://mrcrayfish.com/tools?id=mc)",
    "textures": {
        "0": "blocks/concrete_gray",
        "1": "blocks/hardened_clay_stained_cyan",
        "2": "blocks/concrete_white",
        "3": "blocks/gold_block"
    },
    "display": {
        "gui": {
            "rotation": [ 30, 45, 0 ],
            "translation": [ 0, 3, 0 ],
            "scale": [ 0.8, 0.8, 0.8 ]
        },
        "ground": {
            "rotation": [ 0, 0, 0 ],
            "translation": [ 0, 3, 0 ],
            "scale": [ 0.35, 0.35, 0.35 ]
        },
        "fixed": {
            "rotation": [ 0, 0, 0 ],
            "translation": [ 0, 0, 0 ],
            "scale": [ 0.5, 0.5, 0.5 ]
        },
        "thirdperson_righthand": {
            "rotation": [ 75, 45, 0 ],
            "translation": [ 0, 2.5, 0 ],
            "scale": [ 0.375, 0.375, 0.375 ]
        },
        "firstperson_righthand": {
            "rotation": [ 0, 45, 0 ],
            "translation": [ 0, 2.5, 0 ],
            "scale": [ 0.4, 0.4, 0.4 ]
        }
    },
    "elements": [
        {
            "name": "body_1",
            "from": [ 5.00, 0.50, 5.00 ], 
            "to": [ 11.00, 4.90, 12.00 ], 
            "faces": {
                "east": { "texture": "#0", "uv": [ 3.00, 3.00, 10.00, 7.40 ] },
                "south": { "texture": "#0", "uv": [ 3.00, 3.00, 9.00, 7.40 ] },
                "west": { "texture": "#0", "uv": [ 3.00, 3.00, 10.00, 7.40 ] },
                "up": { "texture": "#0", "uv": [ 3.00, 3.00, 9.00, 10.00 ] },
                "down": { "texture": "#0", "uv": [ 3.00, 3.00, 9.00, 10.00 ] }
            }
        },
        {
            "name": "body_2",
            "from": [ 5.50, 0.00, 5.00 ], 
            "to": [ 10.50, 5.40, 11.80 ], 
            "faces": {
                "east": { "texture": "#0", "uv": [ 3.00, 3.00, 9.80, 8.40 ] },
                "south": { "texture": "#0", "uv": [ 3.00, 3.00, 8.00, 8.40 ] },
                "west": { "texture": "#0", "uv": [ 3.00, 3.00, 9.80, 8.40 ] },
                "up": { "texture": "#0", "uv": [ 3.00, 3.00, 8.00, 9.80 ] },
                "down": { "texture": "#0", "uv": [ 3.00, 3.00, 8.00, 9.80 ] }
            }
        },
        {
            "name": "detail_4",
            "from": [ 7.00, 1.70, 12.00 ], 
            "to": [ 9.00, 3.70, 12.50 ], 
            "faces": {
                "east": { "texture": "#1", "uv": [ 0.00, 0.00, 0.50, 2.00 ] },
                "south": { "texture": "#1", "uv": [ 0.00, 0.00, 2.00, 2.00 ] },
                "west": { "texture": "#1", "uv": [ 0.00, 0.00, 0.50, 2.00 ] },
                "up": { "texture": "#1", "uv": [ 0.00, 0.00, 2.00, 0.50 ] },
                "down": { "texture": "#1", "uv": [ 0.00, 0.00, 2.00, 0.50 ] }
            }
        },
        {
            "name": "rod",
            "from": [ 7.50, 2.20, 3.00 ], 
            "to": [ 8.50, 3.20, 15.00 ], 
            "faces": {
                "north": { "texture": "#2", "uv": [ 0.00, 0.00, 1.00, 1.00 ] },
                "east": { "texture": "#2", "uv": [ 0.00, 0.00, 12.00, 1.00 ] },
                "south": { "texture": "#2", "uv": [ 0.00, 0.00, 1.00, 1.00 ] },
                "west": { "texture": "#2", "uv": [ 0.00, 0.00, 12.00, 1.00 ] },
                "up": { "texture": "#2", "uv": [ 0.00, 0.00, 1.00, 12.00 ] },
                "down": { "texture": "#2", "uv": [ 0.00, 0.00, 1.00, 12.00 ] }
            }
        },
        {
            "name": "detail_1",
            "from": [ 5.00, 0.50, 3.80 ], 
            "to": [ 11.00, 4.90, 5.00 ], 
            "faces": {
                "north": { "texture": "#1", "uv": [ 0.00, 0.00, 6.00, 4.40 ] },
                "east": { "texture": "#1", "uv": [ 0.00, 0.00, 1.20, 4.40 ] },
                "west": { "texture": "#1", "uv": [ 0.00, 0.00, 1.20, 4.40 ] },
                "up": { "texture": "#1", "uv": [ 0.00, 0.00, 6.00, 1.20 ] },
                "down": { "texture": "#1", "uv": [ 0.00, 0.00, 6.00, 1.20 ] }
            }
        },
        {
            "name": "detail_2",
            "from": [ 5.50, 0.00, 4.00 ], 
            "to": [ 10.50, 5.40, 5.00 ], 
            "faces": {
                "north": { "texture": "#1", "uv": [ 0.00, 0.00, 5.00, 5.40 ] },
                "east": { "texture": "#1", "uv": [ 0.00, 0.00, 1.00, 5.40 ] },
                "west": { "texture": "#1", "uv": [ 0.00, 0.00, 1.00, 5.40 ] },
                "up": { "texture": "#1", "uv": [ 0.00, 0.00, 5.00, 1.00 ] },
                "down": { "texture": "#1", "uv": [ 0.00, 0.00, 5.00, 1.00 ] }
            }
        },
        {
            "name": "detail_3",
            "from": [ 6.50, 1.20, 3.20 ], 
            "to": [ 9.50, 4.20, 3.80 ], 
            "faces": {
                "north": { "texture": "#1", "uv": [ 0.00, 0.00, 3.00, 3.00 ] },
                "east": { "texture": "#1", "uv": [ 0.00, 0.00, 0.60, 3.00 ] },
                "west": { "texture": "#1", "uv": [ 0.00, 0.00, 0.60, 3.00 ] },
                "up": { "texture": "#1", "uv": [ 0.00, 0.00, 3.00, 0.60 ] },
                "down": { "texture": "#1", "uv": [ 0.00, 0.00, 3.00, 0.60 ] }
            }
        },
        {
            "name": "connection_positive",
            "from": [ 5.70, 5.50, 4.20 ], 
            "to": [ 6.50, 5.60, 4.80 ], 
            "faces": {
                "north": { "texture": "#3", "uv": [ 0.00, 0.00, 0.80, 0.10 ] },
                "south": { "texture": "#3", "uv": [ 0.00, 0.00, 0.80, 0.10 ] },
                "west": { "texture": "#3", "uv": [ 0.00, 0.00, 0.60, 0.10 ] },
                "up": { "texture": "#3", "uv": [ 0.00, 0.00, 0.80, 0.60 ] },
                "down": { "texture": "#3", "uv": [ 0.00, 0.00, 0.80, 0.60 ] }
            }
        },
        {
            "name": "detail_4",
            "from": [ 6.50, 5.40, 4.00 ], 
            "to": [ 9.50, 5.70, 5.00 ], 
            "faces": {
                "north": { "texture": "#1", "uv": [ 0.00, 0.00, 3.00, 0.30 ] },
                "east": { "texture": "#1", "uv": [ 0.00, 0.00, 1.00, 0.30 ] },
                "south": { "texture": "#1", "uv": [ 0.00, 0.00, 3.00, 0.30 ] },
                "west": { "texture": "#1", "uv": [ 0.00, 0.00, 1.00, 0.30 ] },
                "up": { "texture": "#1", "uv": [ 0.00, 0.00, 3.00, 1.00 ] }
            }
        },
        {
            "name": "connection_negative",
            "from": [ 9.50, 5.50, 4.20 ], 
            "to": [ 10.30, 5.60, 4.80 ], 
            "faces": {
                "north": { "texture": "#3", "uv": [ 0.00, 0.00, 0.80, 0.10 ] },
                "east": { "texture": "#3", "uv": [ 0.00, 0.00, 0.60, 0.10 ] },
                "south": { "texture": "#3", "uv": [ 0.00, 0.00, 0.80, 0.10 ] },
                "west": { "texture": "#3", "uv": [ 0.00, 0.00, 0.60, 0.10 ] },
                "up": { "texture": "#3", "uv": [ 0.00, 0.00, 0.80, 0.60 ] },
                "down": { "texture": "#3", "uv": [ 0.00, 0.00, 0.80, 0.60 ] }
            }
        }
    ]
}