{
    "__comment": "Model generated using MrCrayfish's Model Creator (https://mrcrayfish.com/tools?id=mc)",
    "textures": {
        "0": "cdm:items/wifi_red",
        "1": "cdm:items/wifi_red_bottom"
    },
    "display": {
        "gui": {
            "rotation": [ 30, 45, 0 ],
            "translation": [ 0, 4, 0 ],
            "scale": [ 0.8, 0.8, 0.8 ]
        },
        "ground": {
            "rotation": [ 0, 0, 0 ],
            "translation": [ 0, 3, 0 ],
            "scale": [ 0.35, 0.35, 0.35 ]
        },
        "fixed": {
            "rotation": [ 0, 0, 0 ],
            "translation": [ 0, 0, 0 ],
            "scale": [ 0.5, 0.5, 0.5 ]
        },
        "thirdperson_righthand": {
            "rotation": [ 75, 45, 0 ],
            "translation": [ 0, 2.5, 0 ],
            "scale": [ 0.375, 0.375, 0.375 ]
        },
        "firstperson_righthand": {
            "rotation": [ 0, 315, 0 ],
            "translation": [ 0, 5, 0 ],
            "scale": [ 0.4, 0.4, 0.4 ]
        }
    },
    "elements": [
        {
            "name": "curcuit_board_1",
            "from": [ 1.50, 0.00, 3.00 ], 
            "to": [ 13.00, 1.00, 10.50 ], 
            "faces": {
                "north": { "texture": "#0", "uv": [ 1.50, 3.00, 13.00, 3.50 ], "rotation": 180 },
                "east": { "texture": "#0", "uv": [ 12.50, 3.00, 13.00, 10.00 ], "rotation": 90 },
                "south": { "texture": "#0", "uv": [ 1.50, 3.00, 2.00, 3.50 ] },
                "west": { "texture": "#0", "uv": [ 1.50, 3.00, 2.00, 10.50 ], "rotation": 270 },
                "up": { "texture": "#0", "uv": [ 1.50, 3.00, 13.00, 10.50 ] },
                "down": { "texture": "#1", "uv": [ 1.50, 5.50, 13.00, 13.00 ] }
            }
        },
        {
            "name": "wifi_module",
            "from": [ 2.50, -0.50, 5.00 ], 
            "to": [ 14.50, 1.50, 9.50 ], 
            "faces": {
                "north": { "texture": "#0", "uv": [ 2.50, 5.00, 14.50, 5.50 ] },
                "east": { "texture": "#0", "uv": [ 14.00, 5.00, 14.50, 9.50 ] },
                "south": { "texture": "#0", "uv": [ 2.50, 5.00, 14.50, 5.50 ] },
                "west": { "texture": "#0", "uv": [ 14.00, 5.00, 14.50, 9.40 ] },
                "up": { "texture": "#0", "uv": [ 2.50, 5.00, 14.50, 9.50 ] },
                "down": { "texture": "#1", "uv": [ 2.50, 6.50, 14.50, 11.00 ] }
            }
        },
        {
            "name": "curcuit_board_2",
            "from": [ 1.50, 0.00, 11.50 ], 
            "to": [ 13.00, 1.00, 13.00 ], 
            "faces": {
                "north": { "texture": "#0", "uv": [ 1.50, 12.50, 13.00, 13.00 ], "rotation": 270 },
                "east": { "texture": "#0", "uv": [ 12.50, 11.00, 13.00, 12.00 ], "rotation": 90 },
                "south": { "texture": "#0", "uv": [ 1.50, 12.50, 13.00, 13.00 ] },
                "west": { "texture": "#0", "uv": [ 1.50, 11.50, 2.00, 13.00 ], "rotation": 90 },
                "up": { "texture": "#0", "uv": [ 1.50, 11.50, 13.00, 13.00 ] },
                "down": { "texture": "#1", "uv": [ 1.50, 3.00, 13.00, 4.50 ] }
            }
        },
        {
            "name": "curcuit_board_3",
            "from": [ 2.00, 0.00, 10.50 ], 
            "to": [ 13.00, 1.00, 11.50 ], 
            "faces": {
                "east": { "texture": "#0", "uv": [ 12.50, 10.00, 13.00, 11.00 ], "rotation": 90 },
                "west": { "texture": "#0", "uv": [ 2.00, 10.50, 2.50, 11.50 ], "rotation": 270 },
                "up": { "texture": "#0", "uv": [ 2.00, 10.50, 13.00, 11.50 ] },
                "down": { "texture": "#1", "uv": [ 2.00, 4.50, 13.00, 5.50 ] }
            }
        },
        {
            "name": "heat_sink",
            "from": [ 3.00, 1.00, 10.00 ], 
            "to": [ 5.50, 1.40, 12.00 ], 
            "faces": {
                "north": { "texture": "#0", "uv": [ 3.00, 10.00, 5.50, 10.40 ] },
                "east": { "texture": "#0", "uv": [ 5.00, 10.00, 5.50, 12.00 ] },
                "south": { "texture": "#0", "uv": [ 3.00, 10.00, 5.50, 10.40 ] },
                "west": { "texture": "#0", "uv": [ 3.00, 10.00, 3.50, 10.40 ], "rotation": 90 },
                "up": { "texture": "#0", "uv": [ 3.00, 10.00, 5.50, 12.00 ] }
            }
        }
    ]
}