{
    "__comment": "Model generated using MrCrayfish's Model Creator (https://mrcrayfish.com/tools?id=mc)",
    "textures": {
        "particle": "blocks/anvil_base",
        "0": "blocks/anvil_base",
        "1": "blocks/hardened_clay_stained_cyan",
        "2": "blocks/wool_colored_red",
        "3": "blocks/stone"
    },
    "display": {
        "gui": {
            "rotation": [ 30, 45, 0 ],
            "translation": [ 0.5, 1, 0 ],
            "scale": [ 0.625, 0.625, 0.625 ]
        },
        "ground": {
            "rotation": [ 0, 0, 0 ],
            "translation": [ 0, 3, 0 ],
            "scale": [ 0.5, 0.5, 0.5 ]
        },
        "fixed": {
            "rotation": [ -90, 180, 0 ],
            "translation": [ 0, 0, -6.6 ],
            "scale": [ 1.0, 1.0, 1.0 ]
        },
        "thirdperson_righthand": {
            "rotation": [ 75, 45, 0 ],
            "translation": [ 0, 2.5, 0 ],
            "scale": [ 0.375, 0.375, 0.375 ]
        },
        "firstperson_righthand": {
            "rotation": [ 0, 45, 0 ],
            "translation": [ 0, 2.5, 0 ],
            "scale": [ 0.4, 0.4, 0.4 ]
        }
    },
    "elements": [
        {
            "name": "base",
            "from": [ 2.00, 0.00, 4.00 ], 
            "to": [ 14.00, 5.00, 9.00 ], 
            "faces": {
                "north": { "texture": "#0", "uv": [ 1.00, 1.00, 13.00, 6.00 ] },
                "east": { "texture": "#0", "uv": [ 3.00, 1.00, 8.00, 6.00 ] },
                "south": { "texture": "#0", "uv": [ 0.00, 11.00, 1.00, 12.00 ] },
                "west": { "texture": "#0", "uv": [ 3.00, 1.00, 8.00, 6.00 ] },
                "up": { "texture": "#0", "uv": [ 1.00, 1.00, 10.00, 5.00 ] },
                "down": { "texture": "#0", "uv": [ 1.00, 1.00, 13.00, 6.00 ] }
            }
        },
        {
            "name": "print_tray",
            "from": [ 4.00, 0.10, 9.00 ], 
            "to": [ 12.00, 1.10, 15.00 ], 
            "faces": {
                "north": { "texture": "#1", "uv": [ 0.00, 0.00, 8.00, 1.00 ] },
                "east": { "texture": "#1", "uv": [ 0.00, 0.00, 6.00, 1.00 ] },
                "south": { "texture": "#1", "uv": [ 0.00, 0.00, 8.00, 1.00 ] },
                "west": { "texture": "#1", "uv": [ 0.00, 0.00, 6.00, 1.00 ] },
                "up": { "texture": "#1", "uv": [ 0.00, 0.00, 8.00, 6.00 ] },
                "down": { "texture": "#1", "uv": [ 0.00, 0.00, 8.00, 6.00 ] }
            }
        },
        {
            "name": "base_2",
            "from": [ 1.00, 0.00, 2.00 ], 
            "to": [ 4.00, 5.00, 4.00 ], 
            "faces": {
                "north": { "texture": "#0", "uv": [ 8.00, 1.00, 11.00, 6.00 ] },
                "east": { "texture": "#0", "uv": [ 3.00, 1.00, 5.00, 6.00 ] },
                "south": { "texture": "#0", "uv": [ 1.00, 1.00, 4.00, 6.00 ] },
                "west": { "texture": "#0", "uv": [ 3.00, 1.00, 5.00, 6.00 ] },
                "up": { "texture": "#0", "uv": [ 1.00, 1.00, 4.00, 3.00 ] },
                "down": { "texture": "#0", "uv": [ 1.00, 1.00, 4.00, 3.00 ] }
            }
        },
        {
            "name": "base_3",
            "from": [ 1.00, 0.00, 9.00 ], 
            "to": [ 4.00, 3.00, 11.00 ], 
            "faces": {
                "north": { "texture": "#0", "uv": [ 1.00, 1.00, 4.00, 4.00 ] },
                "east": { "texture": "#0", "uv": [ 3.00, 1.00, 5.00, 4.00 ] },
                "south": { "texture": "#0", "uv": [ 4.00, 1.00, 7.00, 4.00 ] },
                "west": { "texture": "#0", "uv": [ 3.00, 1.00, 5.00, 4.00 ] },
                "up": { "texture": "#0", "uv": [ 1.00, 1.00, 4.00, 3.00 ] },
                "down": { "texture": "#0", "uv": [ 1.00, 1.00, 4.00, 3.00 ] }
            }
        },
        {
            "name": "base_4",
            "from": [ 12.00, 0.00, 9.00 ], 
            "to": [ 15.00, 3.00, 11.00 ], 
            "faces": {
                "north": { "texture": "#0", "uv": [ 1.00, 1.00, 4.00, 4.00 ] },
                "east": { "texture": "#0", "uv": [ 3.00, 1.00, 5.00, 4.00 ] },
                "south": { "texture": "#0", "uv": [ 8.00, 1.00, 11.00, 4.00 ] },
                "west": { "texture": "#0", "uv": [ 3.00, 1.00, 5.00, 4.00 ] },
                "up": { "texture": "#0", "uv": [ 1.00, 1.00, 4.00, 3.00 ] },
                "down": { "texture": "#0", "uv": [ 1.00, 1.00, 4.00, 3.00 ] }
            }
        },
        {
            "name": "base_5",
            "from": [ 12.00, 0.00, 2.00 ], 
            "to": [ 15.00, 5.00, 4.00 ], 
            "faces": {
                "north": { "texture": "#0", "uv": [ 6.00, 2.00, 9.00, 7.00 ] },
                "east": { "texture": "#0", "uv": [ 3.00, 1.00, 5.00, 6.00 ] },
                "south": { "texture": "#0", "uv": [ 1.00, 1.00, 4.00, 6.00 ] },
                "west": { "texture": "#0", "uv": [ 3.00, 1.00, 5.00, 6.00 ] },
                "up": { "texture": "#0", "uv": [ 1.00, 1.00, 4.00, 3.00 ] },
                "down": { "texture": "#0", "uv": [ 1.00, 1.00, 4.00, 3.00 ] }
            }
        },
        {
            "name": "red",
            "from": [ 1.10, 0.10, 4.00 ], 
            "to": [ 14.90, 4.90, 9.00 ], 
            "faces": {
                "east": { "texture": "#2", "uv": [ 0.00, 0.00, 5.00, 4.80 ] },
                "west": { "texture": "#2", "uv": [ 0.00, 0.00, 5.00, 4.80 ] },
                "up": { "texture": "#2", "uv": [ 0.00, 0.00, 13.80, 5.00 ] },
                "down": { "texture": "#2", "uv": [ 0.00, 0.00, 13.80, 5.00 ] }
            }
        },
        {
            "name": "base_6",
            "from": [ 1.00, 3.00, 9.00 ], 
            "to": [ 15.00, 5.00, 10.20 ], 
            "faces": {
                "north": { "texture": "#0", "uv": [ 1.00, 1.00, 15.00, 3.00 ] },
                "east": { "texture": "#0", "uv": [ 3.00, 1.00, 4.00, 3.00 ] },
                "south": { "texture": "#0", "uv": [ 1.00, 1.00, 15.00, 3.00 ] },
                "west": { "texture": "#0", "uv": [ 3.00, 1.00, 4.00, 3.00 ] },
                "up": { "texture": "#0", "uv": [ 0.00, 1.00, 14.00, 2.00 ] },
                "down": { "texture": "#0", "uv": [ 0.00, 1.00, 14.00, 2.20 ] }
            }
        },
        {
            "name": "paper_tray",
            "from": [ 4.50, 3.00, 2.00 ], 
            "to": [ 11.50, 9.00, 3.00 ], 
            "rotation": { "origin": [ 8.0, 3.0, 2.0 ], "axis": "x", "angle": -22.5 },
            "faces": {
                "north": { "texture": "#1", "uv": [ 0.00, 0.00, 7.00, 6.00 ] },
                "east": { "texture": "#1", "uv": [ 0.00, 0.00, 1.00, 6.00 ] },
                "south": { "texture": "#1", "uv": [ 0.00, 0.00, 7.00, 6.00 ] },
                "west": { "texture": "#1", "uv": [ 0.00, 0.00, 1.00, 6.00 ] },
                "up": { "texture": "#1", "uv": [ 0.00, 0.00, 7.00, 1.00 ] },
                "down": { "texture": "#1", "uv": [ 0.00, 0.00, 7.00, 1.00 ] }
            }
        },
        {
            "name": "paper_tray_side_1",
            "from": [ 4.00, 3.00, 2.00 ], 
            "to": [ 4.50, 9.00, 4.00 ], 
            "rotation": { "origin": [ 8.0, 3.0, 2.0 ], "axis": "x", "angle": -22.5 },
            "faces": {
                "north": { "texture": "#0", "uv": [ 0.00, 0.00, 0.50, 6.00 ] },
                "east": { "texture": "#0", "uv": [ 0.00, 0.00, 2.00, 6.00 ] },
                "south": { "texture": "#0", "uv": [ 0.00, 0.00, 0.50, 6.00 ] },
                "west": { "texture": "#0", "uv": [ 0.00, 0.00, 2.00, 6.00 ] },
                "up": { "texture": "#0", "uv": [ 0.00, 0.00, 0.50, 2.00 ] },
                "down": { "texture": "#0", "uv": [ 0.00, 0.00, 0.50, 2.00 ] }
            }
        },
        {
            "name": "paper_tray_side_2",
            "from": [ 11.50, 3.00, 2.00 ], 
            "to": [ 12.00, 9.00, 4.00 ], 
            "rotation": { "origin": [ 8.0, 3.0, 2.0 ], "axis": "x", "angle": -22.5 },
            "faces": {
                "north": { "texture": "#0", "uv": [ 0.00, 0.00, 0.50, 6.00 ] },
                "east": { "texture": "#0", "uv": [ 0.00, 0.00, 2.00, 6.00 ] },
                "south": { "texture": "#0", "uv": [ 0.00, 0.00, 0.50, 6.00 ] },
                "west": { "texture": "#0", "uv": [ 0.00, 0.00, 2.00, 6.00 ] },
                "up": { "texture": "#0", "uv": [ 0.00, 0.00, 0.50, 2.00 ] },
                "down": { "texture": "#0", "uv": [ 0.00, 0.00, 0.50, 2.00 ] }
            }
        },
        {
            "name": "base_7",
            "from": [ 4.00, 0.00, 2.00 ], 
            "to": [ 12.00, 3.00, 4.00 ], 
            "faces": {
                "north": { "texture": "#0", "uv": [ 3.00, 1.00, 11.00, 4.00 ] },
                "east": { "texture": "#0", "uv": [ 3.00, 1.00, 5.00, 4.00 ] },
                "south": { "texture": "#0", "uv": [ 1.00, 1.00, 9.00, 4.00 ] },
                "west": { "texture": "#0", "uv": [ 3.00, 1.00, 5.00, 4.00 ] },
                "up": { "texture": "#0", "uv": [ 1.00, 1.00, 9.00, 3.00 ] },
                "down": { "texture": "#0", "uv": [ 1.00, 1.00, 9.00, 3.00 ] }
            }
        },
        {
            "name": "print_tray_2",
            "from": [ 3.50, 0.10, 11.00 ], 
            "to": [ 4.00, 1.10, 15.00 ], 
            "faces": {
                "north": { "texture": "#0", "uv": [ 0.00, 0.00, 0.50, 1.00 ] },
                "east": { "texture": "#0", "uv": [ 0.00, 0.00, 4.00, 1.00 ] },
                "south": { "texture": "#0", "uv": [ 0.00, 0.00, 0.50, 1.00 ] },
                "west": { "texture": "#0", "uv": [ 0.00, 0.00, 4.00, 1.00 ] },
                "up": { "texture": "#0", "uv": [ 0.00, 0.00, 0.50, 4.00 ] },
                "down": { "texture": "#0", "uv": [ 0.00, 0.00, 0.50, 4.00 ] }
            }
        },
        {
            "name": "print_tray_3",
            "from": [ 12.00, 0.10, 11.00 ], 
            "to": [ 12.50, 1.10, 15.00 ], 
            "faces": {
                "north": { "texture": "#0", "uv": [ 0.00, 0.00, 0.50, 1.00 ] },
                "east": { "texture": "#0", "uv": [ 0.00, 0.00, 4.00, 1.00 ] },
                "south": { "texture": "#0", "uv": [ 0.00, 0.00, 0.50, 1.00 ] },
                "west": { "texture": "#0", "uv": [ 0.00, 0.00, 4.00, 1.00 ] },
                "up": { "texture": "#0", "uv": [ 0.00, 0.00, 0.50, 4.00 ] },
                "down": { "texture": "#0", "uv": [ 0.00, 0.00, 0.50, 4.00 ] }
            }
        },
        {
            "name": "Cube",
            "from": [ 3.50, 0.10, 15.00 ], 
            "to": [ 12.50, 1.10, 15.50 ], 
            "faces": {
                "north": { "texture": "#0", "uv": [ 0.00, 0.00, 9.00, 1.00 ] },
                "east": { "texture": "#0", "uv": [ 0.00, 0.00, 0.50, 1.00 ] },
                "south": { "texture": "#0", "uv": [ 0.00, 0.00, 9.00, 1.00 ] },
                "west": { "texture": "#0", "uv": [ 0.00, 0.00, 0.50, 1.00 ] },
                "up": { "texture": "#0", "uv": [ 0.00, 0.00, 9.00, 0.50 ] },
                "down": { "texture": "#0", "uv": [ 0.00, 0.00, 9.00, 0.50 ] }
            }
        },
        {
            "name": "lcd",
            "from": [ 2.20, 3.30, 11.00 ], 
            "to": [ 4.80, 4.90, 11.10 ], 
            "rotation": { "origin": [ 8.0, 3.0, 11.0 ], "axis": "x", "angle": -22.5 },
            "faces": {
                "north": { "texture": "#0", "uv": [ 0.00, 0.00, 2.60, 1.60 ] },
                "east": { "texture": "#0", "uv": [ 0.00, 0.00, 0.10, 1.60 ] },
                "south": { "texture": "#0", "uv": [ 15.00, 11.00, 15.60, 11.60 ] },
                "west": { "texture": "#0", "uv": [ 0.00, 0.00, 0.10, 1.60 ] },
                "up": { "texture": "#0", "uv": [ 0.00, 0.00, 2.60, 0.10 ] },
                "down": { "texture": "#0", "uv": [ 0.00, 0.00, 2.60, 0.10 ] }
            }
        },
        {
            "name": "base_8",
            "from": [ 1.01, 3.00, 10.00 ],
            "to": [ 14.99, 5.10, 11.00 ],
            "rotation": { "origin": [ 8.0, 3.0, 11.0 ], "axis": "x", "angle": -22.5 },
            "faces": {
                "north": { "texture": "#0", "uv": [ 1.00, 1.00, 15.00, 3.10 ] },
                "east": { "texture": "#0", "uv": [ 3.00, 1.00, 4.00, 3.10 ] },
                "south": { "texture": "#0", "uv": [ 1.00, 1.00, 15.00, 3.00 ] },
                "west": { "texture": "#0", "uv": [ 3.00, 1.00, 4.00, 3.10 ] },
                "up": { "texture": "#0", "uv": [ 1.00, 1.00, 15.00, 2.00 ] },
                "down": { "texture": "#0", "uv": [ 1.00, 1.00, 15.00, 2.00 ] }
            }
        },
        {
            "name": "lcd_border_bottom",
            "from": [ 2.10, 3.20, 11.00 ], 
            "to": [ 4.90, 3.30, 11.20 ], 
            "rotation": { "origin": [ 8.0, 3.0, 11.0 ], "axis": "x", "angle": -22.5 },
            "faces": {
                "north": { "texture": "#3", "uv": [ 0.00, 0.00, 2.80, 0.10 ] },
                "east": { "texture": "#3", "uv": [ 0.00, 0.00, 0.20, 0.10 ] },
                "south": { "texture": "#3", "uv": [ 15.00, 11.00, 15.60, 11.60 ] },
                "west": { "texture": "#3", "uv": [ 0.00, 0.00, 0.20, 0.10 ] },
                "up": { "texture": "#3", "uv": [ 0.00, 0.00, 2.80, 0.20 ] },
                "down": { "texture": "#3", "uv": [ 0.00, 0.00, 2.80, 0.20 ] }
            }
        },
        {
            "name": "lcd_border_top",
            "from": [ 2.10, 4.90, 11.00 ], 
            "to": [ 4.90, 5.00, 11.20 ], 
            "rotation": { "origin": [ 8.0, 3.0, 11.0 ], "axis": "x", "angle": -22.5 },
            "faces": {
                "north": { "texture": "#3", "uv": [ 0.00, 0.00, 2.80, 0.10 ] },
                "east": { "texture": "#3", "uv": [ 0.00, 0.00, 0.20, 0.10 ] },
                "south": { "texture": "#3", "uv": [ 15.00, 11.00, 15.60, 11.60 ] },
                "west": { "texture": "#3", "uv": [ 0.00, 0.00, 0.20, 0.10 ] },
                "up": { "texture": "#3", "uv": [ 0.00, 0.00, 2.80, 0.20 ] },
                "down": { "texture": "#3", "uv": [ 0.00, 0.00, 2.80, 0.20 ] }
            }
        },
        {
            "name": "lcd_border_left",
            "from": [ 2.10, 3.30, 11.00 ], 
            "to": [ 2.20, 4.90, 11.20 ], 
            "rotation": { "origin": [ 8.0, 3.0, 11.0 ], "axis": "x", "angle": -22.5 },
            "faces": {
                "north": { "texture": "#3", "uv": [ 0.00, 0.00, 0.10, 1.60 ] },
                "east": { "texture": "#3", "uv": [ 0.00, 0.00, 0.20, 1.60 ] },
                "south": { "texture": "#3", "uv": [ 15.00, 11.00, 15.60, 11.60 ] },
                "west": { "texture": "#3", "uv": [ 0.00, 0.00, 0.20, 1.60 ] },
                "up": { "texture": "#3", "uv": [ 0.00, 0.00, 0.10, 0.20 ] },
                "down": { "texture": "#3", "uv": [ 0.00, 0.00, 0.10, 0.20 ] }
            }
        },
        {
            "name": "lcd_border_right",
            "from": [ 4.80, 3.30, 11.00 ], 
            "to": [ 4.90, 4.90, 11.20 ], 
            "rotation": { "origin": [ 8.0, 3.0, 11.0 ], "axis": "x", "angle": -22.5 },
            "faces": {
                "north": { "texture": "#3", "uv": [ 0.00, 0.00, 0.10, 1.60 ] },
                "east": { "texture": "#3", "uv": [ 0.00, 0.00, 0.20, 1.60 ] },
                "south": { "texture": "#3", "uv": [ 15.00, 11.00, 15.60, 11.60 ] },
                "west": { "texture": "#3", "uv": [ 0.00, 0.00, 0.20, 1.60 ] },
                "up": { "texture": "#3", "uv": [ 0.00, 0.00, 0.10, 0.20 ] },
                "down": { "texture": "#3", "uv": [ 0.00, 0.00, 0.10, 0.20 ] }
            }
        }
    ]
}