{
	"forge_marker": 1,
	"variants": {
		"type": {
			"legs": {
				"model": "cdm:office_chair_legs"
			},
			"seat": {
				"model": "cdm:office_chair_seat"
			},
			"full": {
				"model": "cdm:office_chair_full"
			}
		},
		"facing": {
			"north": { "y": 0   },
			"east":  { "y": 90  },
			"south": { "y": 180 },
			"west":  { "y": 270 }
		},
		"color": {
			"white": {
				"textures": {
					"chair_color": "blocks/wool_colored_white"
				}
			},
			"orange": {
				"textures": {
					"chair_color": "blocks/wool_colored_orange"
				}
			},
			"magenta": {
				"textures": {
					"chair_color": "blocks/wool_colored_magenta"
				}
			},
			"light_blue": {
				"textures": {
					"chair_color": "blocks/wool_colored_light_blue"
				}
			},
			"yellow": {
				"textures": {
					"chair_color": "blocks/wool_colored_yellow"
				}
			},
			"lime": {
				"textures": {
					"chair_color": "blocks/wool_colored_lime"
				}
			},
			"pink": {
				"textures": {
					"chair_color": "blocks/wool_colored_pink"
				}
			},
			"gray": {
				"textures": {
					"chair_color": "blocks/wool_colored_gray"
				}
			},
			"silver": {
				"textures": {
					"chair_color": "blocks/wool_colored_silver"
				}
			},
			"cyan": {
				"textures": {
					"chair_color": "blocks/wool_colored_cyan"
				}
			},
			"purple": {
				"textures": {
					"chair_color": "blocks/wool_colored_purple"
				}
			},
			"blue": {
				"textures": {
					"chair_color": "blocks/wool_colored_blue"
				}
			},
			"brown": {
				"textures": {
					"chair_color": "blocks/wool_colored_brown"
				}
			},
			"green": {
				"textures": {
					"chair_color": "blocks/wool_colored_green"
				}
			},
			"red": {
				"textures": {
					"chair_color": "blocks/wool_colored_red"
				}
			},
			"black": {
				"textures": {
					"chair_color": "blocks/wool_colored_black"
				}
			}
		}
	}
}


